Metodología,Rendimiento Anual Promedio,Desviación Estándar,Rendimiento Efectivo,Downside Risk,CAGR,Sortino ratio
EqualWeight,0.17455181730508884,0.18331605850734656,1.2342582325580806,0.1465594609694177,0.17168303093762396,0.9790335142119239
MaxSharpe,0.17339069778236998,0.19670313460915662,1.230892733696448,0.15040943558874836,0.16824351429886303,0.9130894937127848
MinVar,0.14419386652772279,0.1562975003506408,0.9590985470053268,0.12357513653128416,0.14177961041878406,0.9231045443369715
SVR-CPO,0.17452326901818022,0.19045293149565387,1.233497915396366,0.1499285998924659,0.17035923738582198,0.9558449863436431
XGBoost-CPO,0.17390990821323773,0.1918347761151376,1.2232614321382553,0.1505994859814256,0.16930515962524476,0.9484143512771992
