Metodología,Simulación,Rendimiento Anual Promedio,Desviación Estándar,Rendimiento Efectivo,Downside Risk,CAGR,Sortino ratio
EqualWeight,500.5,0.1787393160884113,0.1602830193950054,5.161456914505397,0.1060214895970489,0.19583986074644458,1.2939374470609837
MaxSharpe,500.5,0.1936034644878712,0.1756421028700517,7.1485011719153295,0.10824520574851965,0.21296598899530728,1.4017746056588358
MinVar,500.5,0.13230177954065309,0.14208768392671076,2.867375661329705,0.0933212908154082,0.1411983372894639,0.984369014853129
SVR-CPO,500.5,0.1784911932817017,0.1695246957658089,5.154517929122113,0.11064303489883745,0.1937724684573096,1.2441905796323056
XGBoost-CPO,500.5,0.17825305832638427,0.17497822058100165,5.187862285154659,0.112229747449561,0.192421420846642,1.225597953224137
