Metodología,Simulación,Rendimiento Anual Promedio,Desviación Estándar,Rendimiento Efectivo,Downside Risk,CAGR,Sortino ratio
EqualWeight,500.5,0.2025890130004994,0.1339312630879343,5.106916623828426,0.013382743514232057,0.19466678892582073,29.538097513106862
MaxSharpe,500.5,0.22656191905732231,0.18134458517930105,7.107832015543015,0.02251598016852207,0.21193516925269024,17.102510789643592
MinVar,500.5,0.14558045166719338,0.10262764807971683,2.846924932842685,0.016151957426528456,0.14077591700967756,11.515907864992299
SVR-CPO,500.5,0.20292873128932376,0.14744157008185632,5.131865857391941,0.016846411645026364,0.19337106177147667,16.25801955328133
XGBoost-CPO,500.5,0.20200752762222457,0.15729106984505056,5.136145518901846,0.02023316626160199,0.19105054904139615,28.892066398070405
