Metodología,Simulación,Rendimiento Anual Promedio,Desviación Estándar,Rendimiento Efectivo,Downside Risk,CAGR,Sortino ratio
EqualWeight,25.5,0.1813010904257668,0.16105289172264692,5.288299822685605,0.10605473463160837,0.19889693347121223,1.31843568070723
MaxSharpe,25.5,0.18968818718019684,0.17263545330186414,6.831264426801432,0.10743283100930638,0.20836049197200066,1.375161161897046
MinVar,25.5,0.1376855249469603,0.14138350919915285,3.109883583650248,0.0924042023728269,0.14796384828804818,1.045217875511906
SVR-CPO,25.5,0.17965949544934465,0.17098754997179874,5.206077481717418,0.11135177872908968,0.19492713191987765,1.250130663455205
XGBoost-CPO,25.5,0.1795029811793397,0.17427456009657352,5.249230262290803,0.11150154429040629,0.19408975707853673,1.2464705913898626
