Metodología,Simulación,Rendimiento Anual Promedio,Desviación Estándar,Rendimiento Efectivo,Downside Risk,CAGR,Sortino ratio
EqualWeight,500.5,0.17742647650726437,0.1600184038353323,5.089497772686658,0.10604021472527975,0.19423457162672997,1.282071501829612
MaxSharpe,500.5,0.19002473505105083,0.17532136897908032,6.950346113844151,0.10773132561569582,0.2084955292305144,1.3748609912976386
MinVar,500.5,0.13169986579659143,0.14156147406966707,2.841735012928983,0.0929616777298895,0.14054412002795738,0.9815383360528842
SVR-CPO,500.5,0.17799334721507748,0.16885182829797743,5.1513322584052545,0.11021314482176432,0.19330451336496182,1.2462905265750333
XGBoost-CPO,500.5,0.1765358195842815,0.1738562589412469,5.065913025592308,0.11168745800315415,0.19044904928806303,1.2156980640472772
