Metodología,Simulación,Rendimiento Anual Promedio,Desviación Estándar,Rendimiento Efectivo,Downside Risk,CAGR,Sortino ratio
EqualWeight,500.5,0.17897336576690884,0.16005792477649108,5.184264706592739,0.10595019041238257,0.19619051254920658,1.2978406347695035
MaxSharpe,500.5,0.19001111871948237,0.17559684444923662,6.766555206532528,0.10867194657603697,0.2082359261532713,1.3650286750093354
MinVar,500.5,0.13155714702176424,0.14168684357445155,2.8285623465584053,0.09312325235015032,0.14032997360380373,0.9770709599254345
SVR-CPO,500.5,0.17924865699652515,0.16956218048661492,5.226227374608926,0.11031620629006306,0.19476196526255377,1.2536697802207333
XGBoost-CPO,500.5,0.1799695277994223,0.17603666481919064,5.333461241082855,0.11307864056234708,0.19441525753736133,1.2301180886088934
